"chillR_code","STATION.NAME","CTRY","Lat","Long","BEGIN","END","distance"
"164800_99999","COZZO SPADARO","IT",36.683,15.133,19660101,20210206,167.21
"164220_99999","REGGIO CALABRIA","IT",38.071,15.652,19730101,20210206,175.75
"164600_99999","CATANIA FONTANAROSSA","IT",37.467,15.066,19431028,20210206,181.91
"164590_99999","CATANIA/SIGONELLA","IT",37.4,14.917,19430810,20210206,192.16
"164200_99999","MESSINA","IT",38.2,15.55,19310101,20210206,192.37
"163640_99999","SERRALTA DI S. VITO","IT",38.75,16.367,19730101,20210206,212.67
"163500_99999","CROTONE","IT",38.997,17.08,19570701,20210206,233.11
"164530_99999","GELA","IT",37.083,14.217,19430902,20210206,247.46
"164500_99999","ENNA","IT",37.567,14.283,19730101,20210206,251.18
"165970_99999","LUQA","MT",35.857,14.478,19310104,20210206,253.06
"164160_99999","ISOLA STROMBOLI","IT",38.8,15.233,19730101,20210206,261.52
"163440_99999","MONTE SCURO","IT",39.333,16.4,19730101,20210206,275.13
"163370_99999","BONIFATI (CAPE)","IT",39.583,15.883,19650201,20210206,313.3
"164340_99999","PRIZZI","IT",37.717,13.433,19730101,20210205,327.91
"166850_99999","KEFALLINIA","GR",38.12,20.5,19651204,20210206,338.86
"163600_99999","SANTA MARIA DI LEUC","IT",39.817,18.35,19650201,20210206,345.19
"164360_99999","SCIACCA","IT",37.517,13.083,19431010,20210206,353.29
"164050_99999","PALERMO","IT",38.176,13.091,19640811,20210206,372.38
"163100_99999","CAPE PALINURO","IT",40.017,15.283,19640811,20210206,376.79
"163340_99999","OTRANTO","IT",40.1,18.483,19730101,20210206,378.6
"163320_99999","LECCE","IT",40.239,18.133,19431231,20210206,384.06
"164000_99999","USTICA ISLAND","IT",38.7,13.183,19570701,20210206,390.14
"163250_99999","MARINA DI GINOSA","IT",40.433,16.883,19670317,20210206,392.51
"166410_99999","IOANNIS KAPODISTRIAS INTL","GR",39.602,19.912,19321101,20210206,394.44
"166820_99999","ANDRAVIDA","GR",37.921,21.293,19650424,20210206,397.7
"166430_99999","AKTIO","GR",38.925,20.765,19730101,20210206,401.16
"163240_99999","GROTTAGLIE","IT",40.518,17.403,19430927,20210206,403.47
"164290_99999","TRAPANI BIRGI","IT",37.911,12.488,19650201,20210206,413.86
"163180_99999","MARTINA FRANCA","IT",40.633,17.217,19730915,20210201,415.09
"166870_99999","ARAXOS","GR",38.151,21.426,19420101,20210206,416.23
"167340_99999","METHONI","GR",36.833,21.7,19340201,20210206,420.25
"164900_99999","LAMPEDUSA","IT",35.498,12.618,19660104,20210206,422.5
"163200_99999","CASALE","IT",40.658,17.947,19431129,20210206,425.63
"163120_99999","GIOIA DEL COLLE","IT",40.768,16.933,19440229,20210206,429.63
"136230_99999","SAZAN ISLAND","AL",40.5,19.283,19330516,20210206,446.9
"164700_99999","PANTELLERIA","IT",36.817,11.969,19430620,20210206,447.55
"136250_99999","GJIROKASTRA","AL",40.083,20.15,19560101,20210206,448.4
"167260_99999","KALAMATA","GR",37.068,22.026,19730512,20210206,448.95
"136220_99999","VLORE","AL",40.467,19.483,19601002,20210206,451.74
"166420_99999","IOANNINA (AIRPORT)","GR",39.7,20.817,19321101,20210206,457.03
"162940_99999","CAPRI ISLAND","IT",40.55,14.25,19730101,20210206,470.05
"162700_99999","BARI","IT",41.133,16.767,19431207,20210206,470.53
"162630_99999","TREVICO","IT",41.05,15.233,19730101,20210206,485.31
"167100_99999","TRIPOLIS","GR",37.531,22.404,19321101,20210206,485.83
"136240_99999","QYTETI STALIN","AL",40.8,19.9,19730106,20210206,501.48
"162600_99999","GINA LISA","IT",41.433,15.533,19570701,20210206,518.88
"136290_99999","KORCA","AL",40.6,20.767,19560101,20210206,526.04
"162530_99999","GRAZZANISE","IT",41.061,14.082,19440331,20210206,526.18
"607200_99999","KELIBIA","TS",36.85,11.083,19430524,20210206,526.36
"162610_99999","AMENDOLA","IT",41.541,15.718,19440131,20210206,526.96
"166750_99999","LAMIA","GR",38.883,22.433,19321101,20210206,527.13
"136110_99999","DURRES","AL",41.3,19.45,19730106,20210206,533.04
"162580_99999","MONTE S. ANGELO","IT",41.7,15.95,19730101,20210206,540.56
"167430_99999","KITHIRA","GR",36.274,23.017,19330101,20210205,543.95
"620160_99999","MISURATA","LY",32.243,15.021,19490129,20210206,546.98
"136150_99999","TIRANA RINAS","AL",41.415,19.721,19560101,20210206,554.26
"162520_99999","CAMPOBASSO","IT",41.567,14.65,19650201,20210206,556.18
"162660_99999","VIESTE","IT",41.883,16.167,19730101,20210206,557.92
"166320_99999","FILIPPOS","GR",40.286,21.841,19380103,20210206,565.74
"162800_99999","PONZA ISLAND","IT",40.917,12.95,19650201,20210206,567.02
"166480_99999","LARISA","GR",39.65,22.466,19321101,20210206,568.29
"166650_99999","NEA ANCHIALOS","GR",39.22,22.794,19651204,20210206,570.91
"135780_99999","OHRID","MK",41.18,20.742,19730105,20210206,575.75
"607400_99999","MONASTIR-SKANES","TS",35.667,10.75,19430602,20210206,576.65
"166130_99999","FLORINA","GR",40.783,21.4,19321101,20210206,576.7
"162320_99999","TERMOLI","IT",42,15,19730101,20210206,591.65
"167180_99999","ELEFSIS","GR",38.064,23.556,19651204,20210206,595.08
"135830_99999","BITOLA","MK",41.05,21.367,19730101,20210206,596.9
"166990_99999","TANAGRA","GR",38.34,23.565,19651204,20210206,602.21
"607150_99999","CARTHAGE","TS",36.851,10.227,19430608,20210206,602.62
"135770_99999","LAZAROPOLE","MK",41.533,20.7,19730102,20210206,606.14
"167160_99999","ATHINAI","GR",37.882,23.735,19490301,20210206,607.3
"136190_99999","PESHKOPI","AL",41.683,20.433,19730106,20210206,608.61
"620530_99999","BENINA AIRPORT","LY",32.097,20.269,19431031,20210206,611.86
"162440_99999","FROSINONE (IT-AFB)","IT",41.633,13.3,19730101,20210205,614.33
"167150_99999","TATOI","GR",38.109,23.784,19660804,20210206,615.66
"136000_99999","SHKODRA","AL",42.1,19.533,19560101,20210206,617.58
"607500_99999","THYNA","TS",34.718,10.691,19490108,20210206,618.17
"162430_99999","LATINA","IT",41.542,12.909,19440301,20210205,624.19
"135850_99999","PRILEP","MK",41.333,21.567,19360102,20210206,631.68
"620190_99999","SIRTE","LY",31.2,16.583,19490130,20210206,633.16
"607350_99999","KAIROUAN","TS",35.667,10.1,19490108,20210206,633.5
"134620_99999","PODGORICA / GOLUBOVCI","MJ",42.367,19.25,19520101,20210206,637.45
"607140_99999","SIDI AHMED AIR BASE","TS",37.245,9.791,19430805,20210206,640.95
"136100_99999","KUKES","AL",42.033,20.417,19730106,20210206,641.82
"607690_99999","ZARZIS","TS",33.875,10.775,19660722,20210206,656.34
"166220_99999","MAKEDONIA","GR",40.52,22.971,19600701,20210206,657.4
"162450_99999","PRATICA DI MARE","IT",41.659,12.445,19660923,20210206,657.79
"162300_99999","PESCARA","IT",42.432,14.181,19650201,20210206,659.81
"620070_99999","ZUARA","LY",32.555,12.056,19490129,20210206,660.19
"167460_99999","SOUDA","GR",35.532,24.15,19321101,20210206,661.48
"162390_99999","CIAMPINO","IT",41.799,12.595,19511001,20210206,662.65
"167380_99999","MILOS","GR",36.733,24.433,19321101,20210206,664.44
"162340_99999","GUIDONIA","IT",41.99,12.741,19660923,20210205,672.98
"135920_99999","DEMIR KAPIJA","MK",41.417,22.25,19730101,20210206,676.92
"162420_99999","FIUMICINO","IT",41.804,12.251,19650701,20210206,680.43
"162350_99999","URBE","IT",41.952,12.499,19730101,20210206,681.08
"620590_99999","DERNA","LY",32.783,22.583,19490129,20210206,685.58
"135860_99999","SKOPJE","MK",41.962,21.621,19280106,20210206,689.13
"166840_99999","SKIROS","GR",38.968,24.487,19491001,20210206,697.94
"165640_99999","CAPE CARBONARA","IT",39.1,9.517,19730101,20210206,699.9
"135910_99999","STIP","MK",41.75,22.183,19730102,20210206,700.34
"162240_99999","VIGNA DI VALLE(MIL)","IT",42.083,12.217,19730101,20210206,706.67
"165420_99999","CAPE S. LORENZO","IT",39.5,9.617,19730101,20210205,706.95
"162190_99999","TERMINILLO MOUNTAIN","IT",42.467,12.983,19650201,20210206,707.11
"162210_99999","RIETI","IT",42.417,12.85,19731213,20210206,707.96
"607650_99999","GABES","TS",33.877,10.103,19490101,20210206,709.35
"133480_99999","MOSTAR","BK",43.283,17.846,19360701,20210206,712.72
"165500_99999","CAPE BELLAVISTA","IT",39.933,9.717,19660104,20210206,718.44
"162140_99999","CIVITAVECCHIA","IT",42.017,11.817,19450305,20210206,721.49
"165410_99999","PERDASDEFOGU","IT",39.667,9.433,19730101,20210204,728.58
"167590_99999","TYMBAKION (AIRPORT)","GR",35.066,24.75,19420108,20210204,728.74
"607250_99999","JENDOUBA","TS",36.483,8.8,19430630,20210206,732.93
"166060_99999","SERRAI","GR",41.067,23.567,19321101,20210206,733.94
"165600_99999","ELMAS","IT",39.251,9.054,19431101,20210206,743.14
"133630_99999","PLEVLJA","MJ",43.35,19.35,19360102,20210206,744.08
"162160_99999","VITERBO","IT",42.43,12.064,19440701,20210206,745.15
"134930_99999","KRIVA PALANKA","MK",42.2,22.333,19730101,20210206,746.4
"157120_99999","SANDANSKI","BU",41.55,23.267,19520101,20210206,748.45
"165460_99999","DECIMOMANNU","IT",39.354,8.972,19660923,20210206,753.46
"167540_99999","NIKOS KAZANTZAKIS","GR",35.34,25.18,19321101,20210206,757.3
"133530_99999","SARAJEVO","BK",43.825,18.331,19360102,20210206,777.57
"165310_99999","OLBIA COSTA SMERALDA","IT",40.899,9.518,19691117,20210206,785.1
"161810_99999","PERUGIA","IT",43.096,12.513,19671106,20210206,786.84
"161680_99999","MOUNT ARGENTARIO","IT",42.383,11.167,19730101,20210206,787.27
"607450_99999","GAFSA","TS",34.422,8.823,19490107,20210206,788.33
"621200_99999","GARIAT EL-SHARGHIA","LY",30.383,13.583,19730101,20210206,788.47
"607750_99999","REMADA","TS",32.306,10.382,19490108,20210206,791.2
"133670_99999","ZLATIBOR","RI",43.733,19.717,19730101,20210206,793.5
"133890_99999","LESKOVAC","RI",42.983,21.95,19730102,20210206,797.38
"161900_99999","ANCONA","IT",43.617,13.533,19490403,20210206,801.65
"161910_99999","FALCONARA","IT",43.616,13.362,19450414,20210206,806.97
"165390_99999","CAPE FRASCA","IT",39.75,8.467,19660104,20210206,809.07
"604750_99999","CHEIKH LARBI TEBESSI","AG",35.432,8.121,19510102,20210206,813.84
"156150_99999","MUSSALA (TOP/SOMMET)","BU",42.183,23.583,19350102,20210206,815.43
"603600_99999","ANNABA","AG",36.822,7.809,19450609,20210206,818.19
"133760_99999","KRALJEVO","RI",43.7,20.7,19360102,20210206,818.36
"161790_99999","FRONTONE","IT",43.517,12.733,19730101,20210206,819.06
"162060_99999","GROSSETO","IT",42.76,11.072,19441211,20210206,824.17
"133880_99999","NIS","RI",43.337,21.854,19360102,20210206,826.24
"620620_99999","TOBRUK","LY",32.1,23.933,19441027,20210206,830.36
"077700_99999","CAP PERTUSATO","FR",41.367,9.167,19360703,20210206,838.08
"620020_99999","NALUT","LY",31.514,10.598,19490130,20210206,838.28
"133970_99999","DIMITROVGRAD","RI",43.017,22.75,19730105,20210206,838.6
"077680_99999","LA CHIAPPA","FR",41.6,9.367,19360615,20210206,839.16
"167570_99999","SITIA","GR",35.2,26.1,19640101,20210206,842.1
"156140_99999","SOFIA","BU",42.695,23.406,19310901,20210206,845.91
"077650_99999","SOLENZARA","FR",41.924,9.406,19730101,20210206,858.24
"161970_99999","MONTE CALAMITA","IT",42.733,10.4,19730101,20210206,858.39
"132690_99999","VALJEVO","RI",44.317,19.917,19730102,20210206,860.19
"165200_99999","ALGHERO","IT",40.632,8.291,19570701,20210206,861.41
"133840_99999","CUPRIJA","RI",43.933,21.383,19730105,20210206,865.36
"621310_99999","HON","LY",29.117,15.95,19490130,20210206,868.38
"607600_99999","NEFTA","TS",33.94,8.111,19730101,20210206,869.93
"132620_99999","LOZNICA","RI",44.55,19.233,19730101,20210206,870.56
"156000_99999","MOURGASH","BU",42.833,23.667,19730305,20210206,871.68
"161490_99999","RIMINI","IT",44.02,12.612,19450408,20210206,873.25
"166670_99999","MITILINI","GR",39.057,26.598,19600713,20210206,877.24
"156250_99999","PLOVDIV","BU",42.068,24.851,19390102,20210206,886.54
"166270_99999","DIMOKRITOS","GR",40.856,25.956,19321101,20210206,893.06
"132420_99999","BANJA LUKA","BK",44.941,17.298,19360701,20210206,893.57
"603550_99999","SKIKDA","AG",36.933,6.95,19570206,20210206,894.01
"132790_99999","SMEDEREVSKA PALANKA","RI",44.367,20.95,19730102,20210206,894.3
"157300_99999","KURDJALI","BU",41.65,25.383,19570627,20210206,895.49
"171120_99999","CANAKKALE","TU",40.138,26.427,19630101,20210206,897.76
"077900_99999","PORETTA","FR",42.553,9.484,19450518,20210206,898.19
"077610_99999","CAMPO DELL ORO","FR",41.924,8.803,19360616,20210206,898.25
"172180_99999","CIGLI","TU",38.513,27.01,19500115,20210206,901.33
"171800_99999","DIKILI","TU",39.067,26.883,19730101,20210206,901.55
"161480_99999","CERVIA","IT",44.224,12.307,19730101,20210206,904.54
"132890_99999","CRNI VRH","RI",44.117,21.95,19730302,20210206,904.84
"077520_99999","LA PARATA","FR",41.917,8.617,19360617,20210206,910.39
"161470_99999","FORLI","IT",44.195,12.07,19730101,20210205,910.64
"161700_99999","FIRENZE","IT",43.81,11.205,19310102,20210206,910.68
"172191_99999","GAZIEMIR","TU",38.319,27.159,19731108,20210205,911.38
"172200_99999","IZMIR/GUZELYALI","TU",38.433,27.167,19500115,20210206,913.66
"607800_99999","EL BORMA","TS",31.704,9.255,19490209,20210206,915.19
"077910_99999","CAPE SAGRO","FR",42.8,9.483,19431204,20210206,916.79
"132720_99999","BEOGRAD","RI",44.818,20.309,19450501,20210206,922.81
"132740_99999","BEOGRAD","RI",44.8,20.467,19520101,20210206,925.03
"161460_99999","POINT MARINA/RAVENN","IT",44.45,12.3,19660104,20210206,927.13
"604190_99999","MOHAMED BOUDIAF INTL","AG",36.276,6.62,19430301,20210206,929.88
"155020_99999","VIDIN","BU",43.983,22.85,19730314,20210206,930.2
"154820_99999","CALAFAT","RO",43.983,22.95,19730105,20210206,934.74
"161580_99999","PISA","IT",43.684,10.393,19441124,20210206,938.54
"077850_99999","CAP CORSE","FR",43,9.367,19360615,20210206,938.93
"077540_99999","SAINT CATHERINE","FR",42.531,8.793,19730101,20210206,939.83
"132950_99999","NEGOTIN","RI",44.233,22.55,19730101,20210206,940.37
"131160_99999","RIJEKA","HR",45.217,14.57,19730101,20210206,945.82
"172900_99999","IMSIK","TU",37.14,27.67,19630101,20210206,950.53
"132850_99999","VELIKO GRADISTE","RI",44.75,21.517,19360701,20210206,951.61
"154650_99999","BAILESTI","RO",44.017,23.333,19730721,20210206,955.67
"604680_99999","BATNA","AG",35.752,6.309,19730101,20210206,966.7
"131680_99999","NOVI SAD RIMSKI SANCEVI","RI",45.333,19.85,19360801,20210206,966.94
"161340_99999","CIMONE MOUNTAIN","IT",44.2,10.7,19650201,20210206,969.4
"621610_99999","JALO","LY",29.033,21.567,19490129,20210120,971.35
"161400_99999","BOLOGNA","IT",44.535,11.289,19640811,20210206,974.6
"171840_99999","AKHISAR","TU",38.809,27.834,19630101,20210206,977.22
"170500_99999","EDIRNE","TU",41.667,26.567,19550101,20210206,980.65
"154100_99999","DROBETA TURNU SEVERIN","RO",44.633,22.633,19360101,20210206,981.76
"131830_99999","VRSAC","RI",45.147,21.31,19730101,20210206,985.2
"153380_99999","ORAVITA","RO",45.033,21.683,19730108,20210206,985.65
"154120_99999","BACLES","RO",44.483,23.117,19730721,20210206,988.2
"161380_99999","FERRARA (AUT)","IT",44.833,11.617,19730101,20210206,990.12
"167490_99999","DIAGORAS","GR",36.405,28.086,19350101,20210206,993.35
"161250_99999","SARZANA/LUNI","IT",44.083,9.983,19731109,20210205,993.74
"161290_99999","PALMARIA ISLAND","IT",44.033,9.833,19730101,20210206,997.07
"605590_99999","GUEMAR","AG",33.511,6.777,19650101,20210206,1002.13
"171500_99999","BALIKESIR","TU",39.619,27.926,19500101,20210206,1003.12
"152890_99999","BANLOC","RO",45.383,21.133,19730105,20210206,1004.16
"621030_99999","GHADAMES EAST","LY",30.152,9.715,19570101,20210206,1007.39
"161100_99999","TRIESTE","IT",45.65,13.75,19321020,20210206,1008.88
"154500_99999","CRAIOVA","RO",44.318,23.889,19360101,20210206,1009.15
"172920_99999","MUGLA","TU",37.217,28.367,19630101,20210206,1012.18
"153150_99999","SEMENIC","RO",45.183,22.05,19730721,20210206,1013.25
"154900_99999","TURNU-MAGURELE","RO",43.75,24.883,19361201,20210206,1013.5
"154690_99999","CARACAL","RO",44.1,24.367,19730721,20210206,1014.41
"129420_99999","PECS SOUTH","HU",45.991,18.241,19360501,20210206,1015.27
"170560_99999","TEKIRDAG","TU",40.983,27.55,19630101,20210206,1020.93
"156400_99999","SLIVEN","BU",42.667,26.333,19530305,20210206,1024.19
"153410_99999","APA NEAGRA","RO",45,22.867,19730819,20210206,1026.26
"171150_99999","BANDIRMA","TU",40.318,27.978,19500101,20210206,1028.93
"161050_99999","VENEZIA TESSERA","IT",45.505,12.352,19610301,20210206,1031.44
"161080_99999","RONCHI DEI LEGIONARI","IT",45.828,13.472,19730101,20210206,1034.18
"131740_99999","KIKINDA","RI",45.85,20.467,19730102,20210206,1035.67
"160950_99999","PADOVA","IT",45.4,11.85,19730101,20210206,1037.45
"153170_99999","TARCU","RO",45.283,22.533,19730721,20210206,1040.62
"153160_99999","CUNTU","RO",45.3,22.517,19730721,20210206,1041.68
"605250_99999","BISKRA","AG",34.793,5.738,19430201,20210206,1042.05
"152920_99999","CARANSEBES","RO",45.42,22.253,19650701,20210206,1043.94
"129600_99999","BAJA","HU",46.183,19.017,19730101,20210206,1044.94
"153400_99999","TARGU JIU","RO",45.033,23.267,19660506,20210206,1045.91
"604450_99999","SETIF AIN ARNAT","AG",36.178,5.324,19490115,20210206,1046.81
"154700_99999","ROSIORII DE VEDE","RO",44.1,24.983,19660506,20210206,1047.25
"130670_99999","PALIC","RI",46.1,19.767,19730101,20210206,1047.84
"153690_99999","TARGU LOGRESTI","RO",44.883,23.7,19730721,20210206,1050.95
"160990_99999","TREVISO","IT",45.648,12.194,19660901,20210206,1050.97
"152470_99999","TRAIAN VUIA","RO",45.81,21.338,19520101,20210206,1054.17
"129300_99999","KAPOSVAR","HU",46.383,17.833,19361001,20210206,1055.8
"153950_99999","DRAGASANI","RO",44.667,24.233,19730721,20210206,1056.56
"154890_99999","ALEXANDRIA","RO",43.983,25.35,19730721,20210206,1058.27
"160980_99999","ISTRANA","IT",45.685,12.083,19660904,20210206,1058.27
"621760_99999","GIGHBUB","LY",29.75,24.533,19490131,20210206,1058.53
"160450_99999","RIVOLTO","IT",45.979,13.049,19580414,20210205,1060.53
"129250_99999","NAGYKANIZSA","HU",46.45,16.967,19730101,20210206,1060.91
"151990_99999","SANNICOLAU MARE","RO",46.067,20.6,19730802,20210206,1061.78
"604020_99999","SOUMMAM","AG",36.712,5.07,19730101,20210206,1062.98
"129820_99999","SZEGED (AUT)","HU",46.25,20.1,19360101,20210206,1070.39
"160900_99999","VILLAFRANCA","IT",45.396,10.889,19450518,20210206,1072.87
"172370_99999","DENIZLI","TU",37.783,29.083,19730101,20210206,1075.57
"154160_99999","STOLNICI","RO",44.567,24.8,19730721,20210206,1076.31
"161210_99999","GENOVA","IT",44.4,8.9,19511001,20210206,1076.75
"160360_99999","AVIANO AB","IT",46.032,12.596,19660701,20210205,1078.28
"160840_99999","PIACENZA","IT",44.913,9.723,19660914,20210206,1079.18
"161200_99999","GENOVA SESTRI","IT",44.412,8.842,19280101,20210206,1080.84
"605550_99999","SIDI MAHDI","AG",33.068,6.089,19490112,20210206,1081.14
"161530_99999","CAPE MELE","IT",43.95,8.167,19650501,20210206,1082.01
"154910_99999","GIURGIU","RO",43.883,25.95,19730115,20210206,1085.31
"152960_99999","PETROSANI","RO",45.417,23.383,19730115,20210206,1086.91
"153200_99999","PARANG","RO",45.383,23.467,19730720,20210206,1087.19
"152000_99999","ARAD","RO",46.177,21.262,19361105,20210206,1090.11
"161220_99999","ALBENGA","IT",44.051,8.127,19730101,20210206,1092.06
"161190_99999","GIOVI PASS","IT",44.633,8.933,19730101,20210206,1094.38
"156550_99999","BURGAS","BU",42.57,27.515,19530101,20210206,1099.12
"152040_99999","VARADIA DE MURES","RO",46.017,22.15,19730721,20210206,1100.19
"153450_99999","MORARESTI","RO",45,24.533,19730728,20210206,1100.35
"153460_99999","RAMNICU VALCEA","RO",45.1,24.367,19370316,20210206,1101.27
"153730_99999","PITESTI","RO",44.85,24.817,19660202,20210206,1101.3
"160880_99999","GHEDI","IT",45.432,10.268,19660904,20210206,1101.88
"160400_99999","TARVISIO","IT",46.5,13.583,19650129,20210206,1103.18
"112310_99999","KLAGENFURT(CIV/MIL)","AU",46.65,14.333,19310107,20210206,1105.21
"171880_99999","USAK","TU",38.683,29.4,19630101,20210206,1110.22
"152300_99999","DEVA","RO",45.867,22.9,19520101,20210206,1111.34
"153190_99999","VOINEASA","RO",45.417,23.967,19730720,20210206,1111.76
"171160_99999","BURSA","TU",40.183,29.067,19730101,20210206,1113.38
"129350_99999","SIOFOK","HU",46.917,18.05,19730101,20210206,1116.28
"076900_99999","COTE D AZUR","FR",43.658,7.216,19451001,20210206,1118.38
"170600_99999","ATATURK","TU",40.977,28.821,19450613,20210206,1120.24
"153470_99999","CURTEA DE ARGES","RO",45.167,24.667,19730721,20210206,1121.48
"161150_99999","MALANOTTE MOUNTAIN","IT",44.25,7.8,19730608,20210205,1126.26
"623060_99999","MERSA MATRUH","EG",31.325,27.222,19370103,20210206,1127.59
"112140_99999","PREITENEGG","AU",46.933,14.917,19650526,20210206,1127.64
"112400_99999","GRAZ","AU",46.991,15.44,19340201,20210206,1128.3
"160210_99999","ROLLE PASS","IT",46.3,11.783,19730101,20210206,1130.13
"151820_99999","GURAHONT","RO",46.267,22.333,19730721,20210206,1131.34
"152540_99999","PALTINIS SIBIU","RO",45.65,23.933,19730802,20210206,1131.84
"151360_99999","CHISINEU-CRIS","RO",46.533,21.533,19730721,20210206,1134.51
"152060_99999","TEBEA","RO",46.167,22.726,19730802,20210206,1134.62
"129700_99999","KECSKEMET","HU",46.918,19.749,19730101,20210206,1136.07
"153750_99999","TARGOVISTE","RO",44.933,25.433,19730105,20210206,1139.87
"129920_99999","BEKESCSABA","HU",46.683,21.167,19361201,20210206,1140.54
"160220_99999","PAGANELLA MOUNTAIN","IT",46.15,11.033,19730101,20210206,1140.6
"154200_99999","AUREL VLAICU","RO",44.503,26.102,19310106,20210206,1141.61
"152310_99999","SEBES ALBA","RO",45.967,23.533,19730721,20210206,1145.24
"170610_99999","SARIYER","TU",41.133,29.067,19650405,20210206,1145.63
"154210_99999","HENRI COANDA","RO",44.571,26.085,19730101,20210206,1145.96
"152770_99999","BOITA","RO",45.65,24.267,19730721,20210206,1146.37
"160800_99999","LINATE","IT",45.445,9.277,19310104,20210206,1147.51
"170590_99999","KUMKOY","TU",41.25,29.033,19730101,20210206,1147.54
"160760_99999","BERGAMO ORIO AL SERIO","IT",45.674,9.704,19660908,20210206,1148.72
"152600_99999","SIBIU","RO",45.786,24.091,19360101,20210206,1151.23
"076670_99999","LE PALYVESTRE","FR",43.097,6.146,19730101,20210206,1152.04
"605810_99999","OUED IRARA","AG",31.673,6.14,19650307,20210206,1153.63
"128120_99999","SZOMBATHELY ARPT / VAS","HU",47.283,16.633,19360105,20210206,1153.88
"112040_99999","LIENZ","AU",46.833,12.817,19380401,20210206,1156.07
"111650_99999","ZELTWEG","AU",47.203,14.744,19380601,20210206,1159.45
"155520_99999","VARNA","BU",43.232,27.825,19360102,20210206,1160.05
"160200_99999","BOLZANO","IT",46.46,11.326,19650129,20210206,1161.15
"160330_99999","DOBBIACO","IT",46.733,12.217,19730101,20210206,1161.47
"083140_99999","MENORCA","SP",39.863,4.219,19310103,20210206,1161.98
"151600_99999","STEI","RO",46.533,22.467,19730804,20210206,1162.5
"128250_99999","PAPA","HU",47.364,17.501,19730101,20210206,1163.29
"624170_99999","SIWA","EG",29.2,25.483,19370103,20210206,1164.52
"111480_99999","ST. MICHAEL IM LUNGAU","AU",47.1,13.65,19730712,20210206,1166.11
"128600_99999","SZOLNOK","HU",47.123,20.236,19520101,20210206,1166.89
"153770_99999","PLOIESTI","RO",44.95,26,19660105,20210206,1171.45
"153010_99999","FUNDATA","RO",45.433,25.267,19730721,20210206,1173.87
"153490_99999","CAMPINA","RO",45.144,25.75,19730721,20210206,1173.99
"171170_99999","KUTAHYA(TAFB)","TU",39.433,30.017,19730101,20210205,1174.84
"111750_99999","BRUCK/MUR","AU",47.417,15.267,19661006,20210206,1176.94
"153250_99999","SINAIA-1500","RO",45.35,25.5,19730721,20210206,1178.4
"152090_99999","BLAJ","RO",46.183,23.933,19730105,20210206,1181.82
"111850_99999","MOENICHKIRCHEN","AU",47.517,16.033,19650526,20210206,1182.13
"111490_99999","OBERTAUERN","AU",47.25,13.567,19730425,20210206,1183.84
"128430_99999","BUDAPEST/PESTSZENTLORINC","HU",47.433,19.183,19730101,20210206,1184.04
"160640_99999","CAMERI","IT",45.53,8.669,19660923,20210205,1184.15
"152800_99999","VARFU OMU","RO",45.45,25.45,19520101,20210206,1184.41
"128390_99999","FERIHEGY","HU",47.437,19.256,19520101,20210206,1185.4
"154020_99999","URZICENI","RO",44.717,26.65,19730721,20210206,1189.41
"160660_99999","MALPENSA","IT",45.631,8.728,19650204,20210206,1190.05
"160610_99999","TORINO/BRIC CROCE","IT",45.033,7.733,19730101,20210206,1191.26
"111610_99999","PRAEBICHL","AU",47.517,14.95,19730821,20210206,1191.35
"151630_99999","BAISOARA","RO",46.533,23.317,19730721,20210206,1191.77
"152350_99999","FAGARAS","RO",45.833,24.933,19660505,20210206,1193.06
"154600_99999","CALARASI","RO",44.2,27.35,19360101,20210206,1193.21
"153020_99999","PREDEAL","RO",45.5,25.583,19340703,20210206,1195.34
"150800_99999","ORADEA","RO",47.025,21.903,19360101,20210206,1195.73
"151190_99999","VLADEASA 1800","RO",46.767,22.8,19730721,20210206,1196.92
"605800_99999","OUARGLA","AG",31.917,5.413,19490130,20210206,1197.82
"128050_99999","SOPRON","HU",47.683,16.6,19360601,20210206,1198.41
"606110_99999","IN AMENAS","AG",28.052,9.643,19641001,20210206,1198.63
"128220_99999","GYOR","HU",47.717,17.683,19730101,20210206,1203.12
"111570_99999","AIGEN/ENNSTAL (MIL)","AU",47.533,14.133,19380103,20210206,1204.35
"172400_99999","ISPARTA","TU",37.785,30.582,19630101,20210206,1207.6
"160590_99999","TORINO CASELLE","IT",45.201,7.65,19640811,20210206,1209.27
"153000_99999","BRASOV-GHIMBAV","RO",45.7,25.533,19730721,20210206,1210
"150950_99999","BOROD","RO",46.983,22.6,19730721,20210206,1212.19
"111360_99999","KRIMML","AU",47.233,12.183,19730704,20210206,1214.24
"067700_99999","LUGANO","SZ",46.004,8.911,19350101,20210206,1214.36
"151890_99999","DUMBRAVENI","RO",46.233,24.6,19730105,20210206,1214.44
"171900_99999","AFYON","TU",38.726,30.601,19630101,20210206,1214.63
"111820_99999","WIENER NEUSTADT","AU",47.833,16.217,19340501,20210206,1216.3
"111900_99999","EISENSTADT","AU",47.85,16.533,19730627,20210206,1217.12
"160080_99999","S. VALENTINO ALLA MUTA","IT",46.75,10.533,19670102,20210206,1217.52
"118580_99999","HURBANOVO","LO",47.867,18.2,19730101,20210206,1222.49
"075880_99999","ST-AUBAN-SUR-DURANC","FR",44.067,6,19730101,20210206,1223.46
"154790_99999","ADAMCLISI","RO",44.083,27.967,19730721,20210206,1224.05
"111700_99999","LUNZ","AU",47.85,15.067,19730624,20210206,1226.68
"075910_99999","EMBRUN","FR",44.567,6.5,19730101,20210206,1226.93
"151450_99999","VIDRASAU","RO",46.468,24.413,19520401,20210206,1228.33
"603900_99999","HOUARI BOUMEDIENE","AG",36.691,3.215,19430401,20210206,1228.33
"171240_99999","ESKISEHIR","TU",39.784,30.582,19500101,20210206,1229.53
"154050_99999","GRIVITA","RO",44.75,27.3,19660105,20210206,1229.81
"151200_99999","CLUJ NAPOCA","RO",46.785,23.686,19360101,20210206,1229.92
"173000_99999","ANTALYA","TU",36.899,30.8,19510101,20210206,1230.05
"067620_99999","LOCARNO - MAGADINO","SZ",46.17,8.88,19550101,20210206,1230.65
"153500_99999","BUZAU","RO",45.15,26.817,19360101,20210206,1232.35
"152610_99999","INTORSURA BUZAULUI","RO",45.683,26.017,19730105,20210206,1232.78
"111260_99999","PATSCHERKOFEL","AU",47.217,11.467,19670622,20210206,1233.08
"067600_99999","LOCARNO-MONTI","SZ",46.167,8.783,19730101,20210206,1234.81
"150420_99999","SACUIENI","RO",47.35,22.1,19730802,20210206,1234.83
"154440_99999","FETESTI","RO",44.367,27.85,19730105,20210206,1235.93
"076500_99999","PROVENCE","FR",43.436,5.214,19310101,20210206,1236.09
"128820_99999","DEBRECEN","HU",47.489,21.615,19310104,20210206,1236.36
"603690_99999","ALGER-PORT","AG",36.767,3.1,19430325,20210206,1237.82
"111400_99999","LOFER","AU",47.583,12.7,19730724,20210206,1237.97
"111200_99999","INNSBRUCK","AU",47.26,11.344,19310104,20210206,1241.22
"623090_99999","DABAA","EG",31.017,28.433,19570102,20210206,1241.49
"111550_99999","FEUERKOGEL","AU",47.817,13.717,19650526,20210206,1242.13
"128510_99999","KEKESTETO","HU",47.867,20.017,19340901,20210206,1243.46
"151230_99999","SARMASU","RO",46.75,24.167,19730722,20210206,1244.99
"152150_99999","BARAOLT","RO",46.083,25.6,19730721,20210206,1246.51
"150630_99999","ZALAU","RO",47.183,23.05,19730105,20210206,1246.84
"154990_99999","MANGALIA","RO",43.817,28.583,19640101,20210206,1247.16
"111300_99999","KUFSTEIN","AU",47.583,12.167,19650526,20210206,1251.12
"151680_99999","ODORHEIUL SECUIESC","RO",46.3,25.3,19730802,20210206,1251.68
"111190_99999","SEEFELD","AU",47.317,11.183,19670622,20210206,1252
"111530_99999","MONDSEE","AU",47.85,13.367,19730814,20210206,1252.18
"076480_99999","SALON","FR",43.606,5.109,19730202,20210206,1253.34
"128700_99999","EGER","HU",47.9,20.383,19360102,20210206,1253.34
"111500_99999","SALZBURG","AU",47.793,13.004,19380601,20210206,1253.47
"154620_99999","MEDGIDIA","RO",44.25,28.267,19730721,20210206,1254.38
"111120_99999","LANDECK","AU",47.14,10.564,19650526,20210206,1254.78
"076470_99999","LE TUBE","FR",43.523,4.924,19360702,20210206,1261.13
"152620_99999","LACAUTI","RO",45.817,26.383,19730721,20210206,1262.76
"605350_99999","DJELFA/TLETSI","AG",34.683,3.25,19490108,20210206,1264.76
"150440_99999","SUPURU DE JOS","RO",47.45,22.783,19730721,20210206,1265.21
"152170_99999","TARGU SECUIESC","RO",46,26.133,19730721,20210206,1265.42
"160520_99999","PIAN ROSA (MTN TOP)","IT",45.933,7.7,19650129,20210206,1266.89
"111520_99999","MATTSEE","AU",47.983,13.1,19730821,20210206,1271.75
"075890_99999","ST CHRISTOPHE","FR",44.947,6.188,19360702,20210206,1273.17
"154810_99999","MIHAIL KOGALNICEANU","RO",44.362,28.488,19730620,20210206,1275.96
"154800_99999","CONSTANTA","RO",44.217,28.65,19360101,20210206,1276.93
"151700_99999","MIERCUREA CIUC","RO",46.367,25.733,19660102,20210206,1277.72
"083060_99999","PALMA DE MALLORCA","SP",39.55,2.733,19730101,20210206,1280.89
"083030_99999","ALFABIA MTN RANGE","SP",39.733,2.717,19730101,20210206,1285.5
"067500_99999","GUETSCH OB ANDERMATT","SZ",46.65,8.617,19550101,20210206,1285.75
"128920_99999","NYIREGYHAZA","HU",47.984,21.692,19730101,20210206,1290.2
"074970_99999","BOURG ST-MAURICE","FR",45.617,6.767,19730101,20210206,1290.63
"154080_99999","CORUGEA","RO",44.733,28.35,19730804,20210206,1292.33
"069900_99999","VADUZ","LS",47.133,9.517,19730101,20210206,1292.87
"150100_99999","SATU MARE","RO",47.703,22.886,19520101,20210206,1294.04
"150850_99999","BISTRITA","RO",47.15,24.517,19660102,20210206,1296.82
"151270_99999","JOSENI","RO",46.7,25.517,19730721,20210206,1297.39
"111050_99999","FELDKIRCH","AU",47.267,9.617,19661006,20210206,1301.79
"075790_99999","CARITAT","FR",44.14,4.867,19730101,20210206,1302.11
"622590_99999","TAZERBO","LY",25.673,21.091,19620403,20210206,1304.1
"067300_99999","JUNGFRAUJOCH","SZ",46.55,7.983,19350101,20210206,1305.96
"605660_99999","NOUMERAT","AG",32.384,3.794,19590416,20210206,1307.68
"076460_99999","GARONS","FR",43.757,4.416,19730101,20210206,1309.66
"067200_99999","SION","SZ",46.22,7.327,19550101,20210206,1309.9
"066800_99999","SAENTIS","SZ",47.25,9.35,19350101,20210206,1310.56
"151070_99999","TOPLITA","RO",46.933,25.367,19730721,20210206,1311.87
"151940_99999","TARGU OCNA","RO",46.267,26.65,19730114,20210206,1313.96
"109540_99999","ALTENSTADT","GM",47.833,10.867,19321122,20210206,1314.06
"076450_99999","NIMES/COURBESSAC","FR",43.867,4.4,19360615,20210206,1317.14
"111010_99999","BREGENZ","AU",47.5,9.75,19650526,20210206,1319.23
"152650_99999","TECUCI","RO",45.85,27.417,19360102,20210206,1320.48
"604300_99999","MILIANA","AG",36.3,2.233,19490112,20210206,1320.51
"605450_99999","LAGHOUAT","AG",33.764,2.927,19490108,20210206,1323.37
"153100_99999","GALATI","RO",45.483,28.033,19350702,20210206,1327.11
"154090_99999","JURILOVCA","RO",44.767,28.883,19730105,20210206,1328.04
"076430_99999","MEDITERRANEE","FR",43.576,3.963,19730101,20210206,1331.03
"170700_99999","BOLU","TU",40.733,31.6,19730101,20210206,1336.68
"150690_99999","POIANA STAMPEI","RO",47.317,25.133,19730802,20210206,1337.38
"153350_99999","CATALOI","RO",45.062,28.714,19730105,20210206,1337.59
"075770_99999","MONTELIMAR/ANCONE","FR",44.583,4.733,19310401,20210206,1338.91
"077490_99999","CAP BEAR","FR",42.517,3.133,19730102,20210206,1339.58
"076410_99999","SETE","FR",43.4,3.7,19360615,20210206,1340.27
"074910_99999","AIX LES BAINS","FR",45.638,5.88,19730101,20210206,1342.25
"151080_99999","CEAHLAU TOACA","RO",46.983,25.95,19640201,20210206,1342.31
"081840_99999","GIRONA","SP",41.901,2.761,19731129,20210206,1343.18
"109350_99999","FRIEDRICHSHAFEN","GM",47.671,9.511,19290801,20210206,1344.64
"150330_99999","IEZER","RO",47.6,24.65,19730721,20210206,1344.89
"151500_99999","BACAU","RO",46.522,26.91,19520101,20210206,1348.47
"109470_99999","ALLGAU","GM",47.989,10.24,19370401,20210206,1349.98
"150040_99999","SIGHETUL MARMATIEI","RO",47.933,23.9,19650701,20210206,1350.03
"623180_99999","ALEXANDRIA INTL","EG",31.184,29.949,19370103,20210206,1352.61
"074860_99999","SAINT GEOIRS","FR",45.363,5.329,19730101,20210206,1354.58
"066600_99999","ZUERICH-FLUNTERN","SZ",47.383,8.567,19350101,20210206,1354.92
"151090_99999","PIATRA NEAMT","RO",46.917,26.383,19730721,20210206,1356.53
"066700_99999","ZURICH","SZ",47.465,8.549,19550101,20210206,1363.26
"151970_99999","BARLAD","RO",46.233,27.65,19660102,20210206,1363.47
"338850_99999","CAHUL","MD",45.883,28.233,19590101,20210206,1368.62
"077470_99999","RIVESALTES","FR",42.74,2.871,19290801,20210206,1369.13
"170220_99999","ZONGULDAK","TU",41.45,31.8,19570703,20210206,1373.9
"067000_99999","GENEVA COINTRIN","SZ",46.238,6.109,19350101,20210206,1375.54
"081800_99999","BARCELONA CITY","SP",41.417,2.133,19730101,20210206,1376.17
"081810_99999","BARCELONA","SP",41.297,2.078,19730101,20210206,1376.87
"606400_99999","ILLIZI TAKHAMALT","AG",26.724,8.623,19500201,20210206,1376.99
"066100_99999","PAYERNE","SZ",46.817,6.95,19590319,20210206,1379.01
"066200_99999","SCHAFFHAUSEN","SZ",47.683,8.617,19550101,20210206,1380.72
"172440_99999","KONYA","TU",37.979,32.562,19500102,20210206,1381.92
"153870_99999","SFANTU GHEORGHE DELTA","RO",44.9,29.6,19730102,20210206,1382.48
"150730_99999","TARGU NEAMT","RO",47.217,26.383,19730721,20210206,1382.87
"151110_99999","ROMAN","RO",46.967,26.917,19350701,20210206,1386.46
"075600_99999","MONT AIGOUAL","FR",44.117,3.583,19360107,20210206,1387.59
"083730_99999","IBIZA","SP",38.873,1.373,19730101,20210206,1389.17
"067020_99999","LA DOLE","SZ",46.433,6.1,19730101,20210206,1391.45
"081860_99999","SAN LORENZO","SP",41.633,2.017,19731108,20210206,1392.41
"074810_99999","SAINT EXUPERY","FR",45.726,5.091,19310103,20210206,1394.8
"604100_99999","TENES","AG",36.5,1.333,19490102,20210131,1398.01
"604250_99999","ECH CHELIFF","AG",36.213,1.332,19430107,20210206,1402.05
"171270_99999","AKINCI","TU",40.079,32.566,19730101,20210206,1402.24
"151130_99999","NEGRESTI","RO",46.85,27.45,19730721,20210206,1403.14
"074800_99999","BRON","FR",45.727,4.944,19730101,20210206,1403.61
"153600_99999","SULINA","RO",45.167,29.733,19360101,20210206,1408.38
"171290_99999","ETIMESGUT","TU",39.95,32.689,19450131,20210206,1410.3
"150070_99999","RADAUTI","RO",47.833,25.9,19730721,20210206,1417.11
"338810_99999","LEOVA","MD",46.483,28.283,19590101,20210206,1417.52
"072990_99999","BALE MULHOUSE","FR",47.59,7.53,19730101,20210206,1418.78
"176000_99999","PAFOS INTL","CY",34.718,32.486,19490101,20210206,1419.87
"150560_99999","COTNARI","RO",47.367,26.933,19730721,20210206,1421.66
"170200_99999","BARTIN","TU",41.633,32.333,19510101,20210206,1422.34
"338830_99999","KOMRAT","MD",46.3,28.633,19590101,20210206,1422.84
"150230_99999","STEFAN CEL MARE","RO",47.688,26.354,19730105,20210206,1423.53
"081170_99999","LA MOLINA","SP",42.333,1.933,19730103,20210206,1423.9
"075580_99999","MILLAU","FR",44.117,3.017,19360618,20210206,1426.81
"074750_99999","BOUTHEON","FR",45.541,4.296,19730101,20210206,1429.96
"076350_99999","SALVAZA","FR",43.216,2.306,19730101,20210206,1432.72
"150900_99999","IASI","RO",47.178,27.621,19360101,20210206,1439.05
"171280_99999","ESENBOGA","TU",40.128,32.995,19670101,20210206,1439.22
"150200_99999","BOTOSANI","RO",47.733,26.65,19570901,20210206,1440.76
"081750_99999","REUS","SP",41.147,1.167,19730101,20210206,1446.42
"074770_99999","LES SAUVAGES","FR",45.933,4.383,19730101,20210206,1451.78
"073850_99999","CHARNAY","FR",46.295,4.796,19730101,20210206,1453.55
"071970_99999","MEYENHEIM","FR",47.917,7.4,19730101,20210206,1453.83
"624200_99999","BAHARIA","EG",28.333,28.867,19490905,20210206,1462.52
"072880_99999","BESANCON/THISE(AUT)","FR",47.25,5.983,19730101,20210206,1463.72
"176010_99999","AKROTIRI","CY",34.59,32.988,19600103,20210206,1467.98
"604920_99999","RELIZANE","AG",35.75,0.617,19421114,20210206,1473.63
"337480_99999","CORNESTI","MD",47.333,28.083,19590101,20210206,1475.2
"605900_99999","EL GOLEA","AG",30.571,2.86,19490130,20210206,1483.14
"605500_99999","EL-BAYADH","AG",33.717,1.083,19490116,20210206,1486.88
"072920_99999","SAINT SAUVEUR","FR",47.783,6.364,19410301,20210206,1489.71
"082380_99999","TORTOSA","SP",40.817,0.5,19730101,20210206,1493.1
"338150_99999","CHISINAU","MD",47.017,28.983,19360101,20210206,1497.28
"083650_99999","DENIA","SP",38.833,0.117,19730102,20210206,1497.7
"624230_99999","FARAFRA","EG",27.05,27.983,19500313,20210109,1505.33
"081710_99999","LERIDA","SP",41.633,0.6,19730101,20210206,1505.82
"337450_99999","BALTI","MD",47.783,27.95,19480101,20210206,1506.1
"073790_99999","SAINT YAN","FR",46.413,4.013,19730103,20210206,1507.79
"072800_99999","LONGVIC","FR",47.269,5.09,19310101,20210206,1511.73
"076270_99999","ANTICHAN","FR",43.008,1.103,19730101,20210206,1514.03
"172480_99999","EREGLI/KONYA","TU",37.5,34.05,19730101,20210206,1514.21
"173300_99999","SILIFKE","TU",36.383,33.933,19630101,20210206,1514.53
"074600_99999","AUVERGNE","FR",45.787,3.169,19310102,20210206,1516.72
"076310_99999","FRANCAZAL","FR",43.546,1.368,19310101,20210206,1517.08
"076300_99999","BLAGNAC","FR",43.629,1.364,19730101,20210206,1521.12
"082860_99999","CASTELLON-ALMAZORA","SP",39.95,-0.067,19730101,20210206,1524.72
"171600_99999","KIRSEHIR","TU",39.15,34.167,19630111,20210206,1526.62
"605070_99999","GHRISS","AG",35.208,0.147,19430521,20210206,1526.88
"073740_99999","CHARMEIL","FR",46.17,3.404,19730101,20210206,1527.52
"170740_99999","KASTAMONU","TU",41.314,33.796,19630101,20210206,1531.34
"623660_99999","CAIRO INTL","EG",30.122,31.406,19431031,20210206,1533.57
"623330_99999","PORT SAID","EG",31.267,32.3,19490301,20210206,1542.72
"623780_99999","HELWAN","EG",29.867,31.333,19381002,20210201,1543.36
"082850_99999","VALENCIA VIVEROS","SP",39.483,-0.383,19730101,20210206,1545.96
"072830_99999","LANGRES","FR",47.85,5.333,19730101,20210206,1545.99
"082900_99999","ALCIRA/ALZIRA","SP",39.15,-0.433,19730102,20210206,1547.36
"170240_99999","INEBOLU","TU",41.983,33.783,19730101,20210206,1548.89
"083590_99999","ALICANTE","SP",38.367,-0.5,19730101,20210206,1549.81
"338370_99999","ODESA INTL","UP",46.427,30.676,19320101,20210206,1551.46
"082840_99999","VALENCIA","SP",39.489,-0.482,19730101,20210206,1554.51
"083600_99999","ALICANTE","SP",38.282,-0.558,19730101,20210206,1554.81
"337540_99999","RIBNITA","MD",47.767,29.017,19590101,20210206,1558.42
"605400_99999","EL-KHEITER","AG",34.15,0.067,19490116,20210204,1562.48
"075350_99999","GOURDON","FR",44.75,1.4,19730101,20210206,1573.52
"624400_99999","ISMAILIA","EG",30.6,32.25,19431031,20210206,1574.65
"084330_99999","MURCIA SAN JAVIER","SP",37.775,-0.812,19730101,20210206,1577.94
"604900_99999","ES SENIA","AG",35.624,-0.621,19490102,20210206,1586.41
"604610_99999","ORAN-PORT","AG",35.7,-0.65,19510118,20210201,1587.51
"080940_99999","HUESCA-PIRINEOS","SP",42.083,-0.333,19730102,20210206,1593.71
"072600_99999","FOURCHAMBAULT","FR",47.003,3.113,19730102,20210206,1602.63
"075240_99999","LA GARENNE","FR",44.175,0.591,19730101,20210206,1602.72
"076210_99999","LOURDES","FR",43.179,-0.006,19730101,20210206,1605.23
"084300_99999","MURCIA","SP",38,-1.167,19730101,20210206,1608.47
"170840_99999","CORUM","TU",40.55,34.95,19730101,20210206,1610.63
"084290_99999","ALCANTARILLA","SP",37.951,-1.23,19730101,20210206,1614.14
"623870_99999","MINYA","EG",28.083,30.733,19381002,20210206,1617.11
"082350_99999","TERUEL","SP",40.35,-1.117,19730101,20210206,1619.29
"339240_99999","CHORNOMORS'KE","UP",45.517,32.7,19361231,20210206,1623.99
"173520_99999","ADANA","TU",36.982,35.28,19450412,20210206,1627.06
"337610_99999","LIUBASHIVKA","UP",47.85,30.267,19480401,20210206,1631.29
"072570_99999","AVORD","FR",47.05,2.65,19310401,20210206,1633.28
"074280_99999","BASSILLAC","FR",45.198,0.816,19730101,20210206,1637.73
"173500_33308","ADANA/INCIRLIK","TU",37,35.417,19730101,20210206,1639.02
"081600_99999","ZARAGOZA AB","SP",41.666,-1.042,19730101,20210206,1639.45
"171950_99999","ERKILET","TU",38.77,35.495,19660722,20210206,1639.57
"076100_99999","PAU PYRENEES","FR",43.38,-0.419,19360615,20210206,1644.37
"082330_99999","CALAMOCHA","SP",40.933,-1.3,19730101,20210206,1644.57
"074340_99999","BELLEGARDE","FR",45.863,1.179,19730101,20210206,1650.2
"072550_99999","BOURGES","FR",47.058,2.37,19730101,20210206,1650.56
"081570_99999","DAROCA I","SP",41.117,-1.417,19730101,20210128,1657.85
"170260_99999","SINOP","TU",42.033,35.167,19570701,20210206,1661.11
"170820_99999","MERZIFON","TU",40.829,35.522,19500101,20210206,1663.23
"082800_99999","ALBACETE","SP",38.949,-1.864,19730101,20210206,1669.96
"605600_99999","AIN-SEFRA","AG",32.767,-0.6,19490112,20210206,1669.96
"076070_99999","MONT DE MARSAN","FR",43.912,-0.508,19310401,20210206,1672.18
"073540_34048","CHATEAURROUX DEOLS","FR",46.867,1.717,19360102,20210206,1677.61
"339460_99999","SIMFEROPOL'","UP",44.683,34.133,19360101,20210206,1680.59
"339020_99999","KHERSON","UP",46.633,32.567,19320101,20210206,1682
"080870_99999","BARDENAS REALES","SP",42.2,-1.45,19700119,20210206,1686.29
"082320_99999","MOLINA DE ARAGON","SP",40.85,-1.883,19730102,20210206,1691.54
"400220_99999","LATTAKIA","SY",35.533,35.767,19370201,20210124,1692.66
"624320_99999","DAKHLA","EG",25.5,28.967,19380310,20210110,1700.1
"082310_99999","CUENCA","SP",40.067,-2.133,19730101,20210206,1701.44
"076030_99999","DAX SEYRESSE","FR",43.683,-1.067,19730101,20210206,1705.12
"074200_99999","CHAMPNIERS","FR",45.717,0.217,19310402,20210206,1706.6
"401550_99999","HAIFA","IS",32.809,35.043,19490301,20210206,1709.39
"072470_99999","ROMORANTIN/PRUNIERS","FR",47.317,1.683,19360701,20210206,1709.4
"173700_99999","ISKENDERUN","TU",36.573,36.154,19510101,20210206,1709.45
"400250_99999","BASSEL AL ASSAD INTL","SY",35.401,35.949,19500711,20210206,1711.65
"401000_99999","RAFIC HARIRI INTL","LE",33.821,35.488,19321019,20210206,1712.87
"623930_99999","ASYUT INTL","EG",27.047,31.012,19490323,20210206,1714.26
"606610_99999","ABDENNIZI","AG",25.217,5.117,19500201,20210206,1717.68
"080850_99999","PAMPLONA","SP",42.77,-1.646,19730313,20210206,1718.42
"601150_99999","ANGADS","MO",34.787,-1.924,19490110,20210206,1721.57
"401030_99999","TRIPOLI","LE",34.45,35.8,19370104,20210206,1721.79
"084870_99999","ALMERIA","SP",36.844,-2.37,19310102,20210206,1722.96
"075100_99999","MERIGNAC","FR",44.828,-0.716,19310101,20210206,1727.43
"401800_99999","BEN GURION","IS",32.011,34.887,19431101,20210206,1728.65
"076020_99999","ANGLET","FR",43.468,-1.523,19290801,20210206,1731.97
"170300_99999","SAMSUN","TU",41.283,36.3,19510101,20210206,1736.12
"401040_99999","MERDJAYOUN","LE",33.367,35.583,19490130,20210124,1736.45
"074120_99999","CHATEAUBERNARD","FR",45.658,-0.318,19730101,20210206,1740.1
"400660_99999","SAFITA","SY",34.817,36.133,19630117,20210206,1741.7
"401530_99999","HAR-KNAAN (ZEFAT)","IS",32.967,35.5,19500301,20210206,1743.56
"075020_99999","CAZAUX","FR",44.533,-1.125,19360706,20210206,1743.98
"401010_99999","HOUCHE-AL-OUMARA","LE",33.817,35.85,19490130,20210206,1745.1
"080290_99999","SAN SEBASTIAN","SP",43.357,-1.791,19730101,20210206,1748.73
"073350_99999","BIARD","FR",46.588,0.307,19360615,20210206,1749.81
"072490_99999","BRICY","FR",47.988,1.761,19360102,20210206,1750.82
"075000_99999","CAP FERRET","FR",44.633,-1.25,19730101,20210206,1757.44
"081480_99999","SORIA","SP",41.783,-2.483,19730101,20210206,1759.39
"080840_99999","LOGRONO/AGONCILLO","SP",42.45,-2.333,19730101,20210206,1763.66
"080270_99999","SAN SEBASTIAN/IGUELDO","SP",43.3,-2.033,19730101,20210206,1765.53
"170900_99999","SIVAS","TU",39.814,36.903,19630103,20210206,1766.72
"606070_99999","TIMIMOUN","AG",29.237,0.276,19660722,20210206,1773.06
"072400_99999","VAL DE LOIRE","FR",47.432,0.728,19310101,20210206,1775.16
"400300_99999","HAMA","SY",35.117,36.75,19570630,20210206,1789.4
"082260_99999","GUADALAJARA","SP",40.667,-3.167,19730101,20210206,1796.13
"603380_99999","MELILLA","SP",35.28,-2.956,19641001,20210206,1801.78
"080800_99999","VITORIA","SP",42.883,-2.724,19730101,20210206,1806.72
"624350_99999","KHARGA","EG",25.45,30.533,19570101,20210206,1806.9
"400070_99999","ALEPPO INTL","SY",36.181,37.224,19370105,20210206,1810.46
"603400_99999","NADOR-AROUI","MO",34.983,-3.017,19500201,20210206,1814.1
"400800_99999","DAMASCUS INTL","SY",33.412,36.516,19370101,20210206,1817.44
"082270_99999","TORREJON","SP",40.497,-3.446,19571001,20210206,1817.45
"172600_99999","OGUZELI","TU",36.947,37.479,19730101,20210206,1822.32
"402700_99999","MARKA INTL","JO",31.973,35.992,19490301,20210206,1826.49
"082210_99999","BARAJAS","SP",40.494,-3.567,19310102,20210206,1827.62
"624590_99999","EL TOR","EG",28.209,33.646,19381101,20210206,1833.32
"080250_99999","BILBAO","SP",43.301,-2.911,19730101,20210206,1833.8
"402650_99999","KING HUSSEIN","JO",32.356,36.259,19530301,20210206,1833.97
"073140_99999","CHASSIRON","FR",46.05,-1.417,19730101,20210206,1835.93
"082240_99999","GETAFE","SP",40.294,-3.724,19730101,20210206,1838.73
"072350_99999","ARNAGE","FR",47.949,0.202,19730103,20210206,1840.69
"084170_99999","JAEN","SP",37.783,-3.817,19730201,20210206,1842.34
"084190_99999","GRANADA","SP",37.189,-3.777,19730101,20210206,1843.78
"082230_99999","CUATRO VIENTOS","SP",40.371,-3.785,19730719,20210206,1844.68
"083480_99999","CIUDAD REAL","SP",38.983,-3.917,19730101,20210206,1847.93
"401990_99999","EILAT","IS",29.561,34.96,19510101,20210206,1858.2
"403400_99999","AQABA KING HUSSEIN INTL","JO",29.612,35.018,19610701,20210206,1860.16
"072300_99999","BEAUCOUZE","FR",47.483,-0.6,19360616,20210206,1861.32
"605710_99999","BECHAR","AG",31.646,-2.27,19570101,20210206,1862.68
"082720_99999","TOLEDO","SP",39.883,-4.05,19730101,20210206,1863
"080750_99999","BURGOS","SP",42.358,-3.621,19730101,20210206,1864.65
"172000_99999","ERHAC","TU",38.435,38.091,19500106,20210206,1865.65
"082150_99999","NAVACERRADA PUERTO","SP",40.8,-4.017,19730101,20210206,1869.17
"339830_99999","KERCH","UP",45.4,36.417,19320101,20210206,1877.39
"082130_99999","SEGOVIA","SP",40.95,-4.133,19730101,20210206,1880.85
"601070_99999","CHERIF EL IDRISSI","MO",35.177,-3.84,19650307,20210206,1882.89
"403100_99999","MA'AN","JO",30.167,35.783,19610701,20210205,1894.46
"606200_99999","TOUAT CHEIKH SIDI MOHAMED BELKEBIR","AG",27.838,-0.186,19490130,20210206,1898.42
"170340_99999","GIRESUN","TU",40.917,38.383,19730101,20210206,1903.45
"072220_99999","NANTES ATLANTIQUE","FR",47.153,-1.611,19370601,20210206,1907.52
"080210_99999","SANTANDER","SP",43.427,-3.82,19730101,20210206,1908.53
"080230_99999","SANTANDER","SP",43.483,-3.8,19730101,20210206,1908.62
"084820_99999","MALAGA","SP",36.675,-4.499,19730101,20210206,1913.95
"402600_99999","PRINCE HASAN","JO",32.161,37.149,19640113,20210206,1919.94
"601270_99999","TAZA","MO",34.217,-4,19591017,20210206,1921.89
"082100_99999","AVILA","SP",40.667,-4.683,19730101,20210206,1923.56
"606020_99999","BENI-ABBES","AG",30.133,-2.167,19730101,20210206,1926.71
"370010_99999","VITYAZEVO","RS",45.002,37.347,19590101,20210206,1928.54
"346010_99999","ZAPORIZHZHIA INTL","UP",47.867,35.316,19581230,20210206,1931.23
"073000_99999","SAINT-SAUVEUR","FR",46.7,-2.333,19730101,20210206,1931.65
"084100_99999","CORDOBA","SP",37.842,-4.849,19730101,20210206,1932.65
"172700_99999","SANLIURFA","TU",37.133,38.767,19630105,20210206,1934.16
"606450_99999","REGGANE","AG",26.717,0.283,19500215,20210206,1938.34
"624050_99999","LUXOR INTL","EG",25.671,32.707,19431130,20210206,1941.93
"081410_99999","VALLADOLID","SP",41.633,-4.75,19730101,20210206,1942.29
"072170_99999","MONTOIR","FR",47.312,-2.149,19730101,20210206,1951.67
"081400_99999","VALLADOLID","SP",41.706,-4.852,19730101,20210206,1951.9
"083350_99999","HINOJOSA DEL DUQUE","SP",38.517,-5.117,19730101,20210206,1952.69
"172020_99999","ELAZIG","TU",38.607,39.291,19730101,20210206,1969.81
"170920_99999","ERZINCAN","TU",39.71,39.527,19500101,20210206,1990.64
"082020_99999","SALAMANCA","SP",40.952,-5.502,19730101,20210206,1995.43
"084950_99999","GIBRALTAR","GI",36.151,-5.35,19580101,20210206,1997.74
"603200_99999","CEUTA","SP",35.917,-5.35,19650101,20210206,2001.98
"603180_99999","SANIAT RMEL","MO",35.594,-5.32,19500310,20210206,2005.68
"083970_99999","MORON AB","SP",37.175,-5.616,19580102,20210206,2006.44
"601410_99999","SAISS","MO",33.927,-4.978,19441101,20210206,2017.46
"081300_99999","ZAMORA","SP",41.517,-5.733,19730101,20210205,2021.74
"072070_99999","BELLE ILE-LE TALUT","FR",47.3,-3.218,19310102,20210206,2022.12
"170380_99999","TRABZON","TU",40.995,39.79,19510101,20210206,2022.16
"084580_99999","TARIFA","SP",36,-5.6,19730101,20210206,2022.67
"370180_99999","TUAPSE","RS",44.1,39.033,19360101,20210119,2024.59
"083910_99999","SEVILLA","SP",37.418,-5.893,19730101,20210206,2028.21
"348240_99999","PRIMORSKO-AHTARSK","RS",46.033,38.15,19480102,20210206,2029.06
"347120_99999","MARIUPOL'","UP",47.033,37.5,19361231,20210206,2029.49
"080550_99999","LEON","SP",42.589,-5.656,19730101,20210206,2033.78
"602100_99999","MOULAY ALI CHERIF","MO",31.948,-4.398,19730101,20210206,2036.11
"601950_99999","MIDELT","MO",32.683,-4.733,19490130,20210206,2037.22
"601000_99999","TANGER-PORT","MO",35.783,-5.8,19490102,20210206,2044.59
"084510_99999","JEREZ","SP",36.745,-6.06,19730101,20210206,2051.3
"172800_99999","DIYARBAKIR","TU",37.894,40.201,19500101,20210206,2053.2
"601010_99999","IBN BATOUTA","MO",35.727,-5.917,19570101,20210206,2056.12
"082610_99999","CACERES","SP",39.467,-6.333,19730101,20210206,2057.11
"080140_99999","GIJON-MUSEL","SP",43.567,-5.7,19730101,20210205,2059.72
"072050_99999","LANN BIHOUE","FR",47.761,-3.44,19730101,20210206,2060.89
"349290_99999","KRASNODAR","RS",45.033,39.15,19320101,20210206,2063.7
"403750_99999","TABUK","SA",28.365,36.619,19730101,20210206,2065.33
"601500_99999","BASSATINE","MO",33.879,-5.515,19490116,20210206,2066.71
"080150_99999","OVIEDO","SP",43.35,-5.867,19730313,20210206,2067.51
"084530_99999","SAN FERNANDO","SP",36.467,-6.2,19310103,20210206,2067.93
"347270_99999","EJSK","RS",46.8,38.267,19320102,20210206,2071.22
"084520_99999","CADIZ OBS","SP",36.5,-6.25,19730101,20210206,2071.83
"403560_99999","TURAIF","SA",31.693,38.731,19510406,20210206,2078.12
"084490_13025","ROTA NAVAL AIR STATION","SP",36.65,-6.35,19730101,20210206,2078.38
"371710_99999","SOCHI","RS",43.45,39.957,19590101,20210206,2079.06
"601050_99999","LARACHE","MO",35.15,-6.1,19620506,20210206,2084.91
"080110_99999","ASTURIAS","SP",43.564,-6.035,19730101,20210206,2086
"083300_99999","TALAVERA LA REAL","SP",38.891,-6.821,19730101,20210206,2099.77
"085750_99999","BRAGANCA","PO",41.86,-6.706,19480112,20210206,2106.91
"080530_99999","PONFERRADA","SP",42.567,-6.6,19730102,20210206,2109.68
"400160_99999","HASSAKAH","SY",36.5,40.75,19370105,20210104,2118.43
"083830_99999","HUELVA","SP",37.283,-6.917,19730101,20210206,2119.99
"072010_99999","PLUGUFFAN","FR",47.975,-4.168,19730102,20210206,2120.15
"370210_99999","MAJKOP","RS",44.617,40.083,19611005,20210206,2120.75
"072000_99999","PENMARCH","FR",47.8,-4.367,19360102,20210206,2124.45
"170960_99999","ERZURUM","TU",39.957,41.17,19500501,20210206,2132.01
"347200_99999","TAGANROG","RS",47.2,38.9,19590101,20210206,2133.45
"400010_99999","KAMISHLY","SY",37.021,41.191,19501109,20210206,2149.74
"085710_99999","PORTALEGRE","PO",39.283,-7.417,19480112,20210206,2150.53
"601200_99999","KENITRA (RMAFB)","MO",34.3,-6.6,19490122,20210206,2151.19
"348380_99999","TIHORECK","RS",45.85,40.083,19550101,20210206,2161.95
"170420_99999","HOPA","TU",41.4,41.433,19630103,20210206,2163.62
"085680_99999","PENHAS DOURADAS","PO",40.417,-7.55,19480113,20210206,2163.91
"406420_99999","RUTBAH","IZ",33.033,40.283,19370107,20210206,2164.55
"601350_99999","SALE","MO",34.051,-6.752,19430113,20210206,2171.81
"374840_99999","BATUMI","GG",41.61,41.6,19320101,20210206,2179.75
"374960_99999","BATUMI","GG",41.6,41.633,19550101,20210206,2182.38
"080080_99999","LUGO/ROZAS","SP",43.117,-7.45,19730101,20210206,2188.54
"404000_99999","WEJH","SA",26.199,36.476,19730101,20210206,2191.21
"373790_99999","POTI","GG",42.133,41.7,19320102,20210204,2194.52
"601910_99999","BENI-MELLAL","MO",32.367,-6.4,19730101,20210206,2196.54
"374810_99999","KOBULETI","GG",41.867,41.767,19600112,20210206,2196.57
"085620_99999","BEJA","PO",38.079,-7.932,19480808,20210206,2201.12
"172100_99999","SIIRT","TU",37.917,41.95,19630104,20210206,2206.36
"370310_99999","ARMAVIR","RS",44.983,41.117,19320101,20210206,2210.5
"372790_99999","ZUGDIDI","GG",42.517,41.883,19590101,20210206,2215.08
"085540_99999","FARO","PO",37.014,-7.966,19480111,20210206,2216.02
"371930_99999","TEBERDA","RS",43.45,41.733,19360101,20210206,2219.84
"601780_99999","KHOURIBGA","MO",32.867,-6.967,19500621,20210206,2228.79
"085490_99999","COIMBRA","PO",40.2,-8.417,19480111,20210104,2236.79
"374920_99999","BAKHMARO","GG",41.85,42.317,19590101,20210206,2241.79
"080420_99999","SANTIAGO","SP",42.896,-8.415,19730101,20210206,2262.2
"085450_99999","PORTO","PO",41.248,-8.681,19310103,20210206,2264.29
"370360_99999","NEVINNOMYSSK","RS",44.633,41.967,19480102,20210206,2265.82
"601560_99999","MOHAMMED V","MO",33.367,-7.59,19421121,20210206,2267.45
"601550_99999","ANFA","MO",33.557,-7.66,19490101,20210206,2267.63
"080450_99999","VIGO","SP",42.232,-8.627,19730101,20210206,2269.77
"080010_99999","LA CORUNA","SP",43.367,-8.417,19310101,20210206,2270.69
"080440_99999","PONTEVEDRA","SP",42.433,-8.617,19730101,20210206,2271.61
"406290_99999","ANAH","IZ",34.367,41.95,19730101,20210206,2271.94
"373950_99999","KUTAISI","GG",42.267,42.633,19361231,20210206,2272.8
"372980_99999","TSAGERI","GG",42.633,42.7,19590101,20210206,2283.29
"403610_99999","AL JOUF","SA",29.785,40.1,19730101,20210206,2284.5
"349490_99999","SHPAKOVSKOYE","RS",45.109,42.113,19590101,20210206,2289.91
"375140_99999","AKHALTSIKHE","GG",41.65,43,19590915,20210206,2296.33
"170980_99999","KARS","TU",40.562,43.115,19630105,20210206,2299.25
"602650_99999","OUARZAZATE","MO",30.939,-6.909,19490401,20210206,2299.4
"085360_99999","LISBOA","PO",38.781,-9.136,19310103,20210206,2301.09
"346440_99999","KONSTANTINOVSK","RS",47.583,41.1,19590101,20210206,2302.82
"348450_99999","GORODOVIKOVSK","RS",46.067,41.967,19590101,20210122,2308.22
"406340_99999","HADITHAH","IZ",34.133,42.35,19371002,20210206,2314.14
"373080_99999","AMBROLAURI","GG",42.517,43.133,19690218,20210206,2316.94
"171700_99999","VAN","TU",38.468,43.332,19570701,20210206,2322.44
"403570_99999","ARAR","SA",30.907,41.138,19510407,20210206,2323.16
"406080_99999","MOSUL","IZ",36.306,43.147,19370111,20210206,2334.18
"374030_99999","SACHKHERE","GG",42.35,43.417,19590101,20210206,2338.07
"374090_99999","MTA-SABUETI","GG",42.033,43.483,19590101,20210206,2339.99
"370540_99999","MINERALNYYE VODY","RS",44.225,43.082,19550101,20210206,2342.77
"349540_99999","SVETLOGRAD","RS",45.35,42.85,19361231,20210206,2352.65
"376820_99999","AMASIA","AM",40.95,43.783,19590101,20210206,2357.11
"377870_99999","ARMAVIR","AM",40.133,43.903,19590101,20210206,2365.46
"172850_99999","HAKKARI","TU",37.567,43.767,19730101,20210206,2369.53
"602300_99999","MENARA","MO",31.607,-8.036,19430118,20210206,2370.86
"370580_99999","GEORGIEVSK","RS",44.15,43.467,19590101,20210206,2371.4
"372120_99999","NALCHIK","RS",43.513,43.637,19480101,20210206,2372.82
"346460_99999","CIMLJANSK","RS",47.633,42.117,19590101,20210206,2375.99
"171000_99999","IGDIR","TU",39.917,44.05,19630106,20210206,2378.12
"406580_99999","NUKHEB","IZ",32.033,42.283,19490321,20210206,2378.34
"347430_99999","ZIMOVNIKI","RS",47.15,42.483,19590101,20210206,2383.5
"349580_99999","BLAGODARNYJ","RS",45.1,43.45,19610814,20210206,2391.83
"375310_99999","GORI","GG",41.983,44.117,19590101,20210206,2391.83
"348580_99999","DIVNOE","RS",45.917,43.35,19351231,20210206,2406.44
"376990_99999","APARAN","AM",40.533,44.383,19590101,20210206,2406.56
"377040_99999","VANADZOR","AM",40.817,44.436,19590828,20210206,2411.65
"376210_99999","BOLNISI","GG",41.45,44.55,19590101,20210206,2423.89
"406110_99999","SALLAHDEEN","IZ",36.383,44.2,19730101,20210206,2426
"375410_99999","MUHRANI","GG",41.933,44.583,19590101,20210206,2429.93
"370610_99999","BUDENNOVSK","RS",44.783,44.133,19480101,20210206,2436.98
"377920_99999","HRAZDAN","AM",40.483,44.75,19590101,20210206,2437.61
"374370_99999","DUSETI","GG",42.083,44.7,19590101,20210206,2440.83
"375490_99999","TBILISI / LOCHINI AIRPORT","GG",41.75,44.767,19590101,20210206,2443.83
"346550_99999","KOTEL'NIKOVO","RS",47.633,43.15,19320102,20210206,2448.83
"347590_99999","REMONTNOE","RS",46.567,43.667,19480101,20210206,2449.63
"372280_99999","VLADIKAVKAZ","RS",43.033,44.683,19320101,20210113,2449.68
"601850_99999","SAFI","MO",32.283,-9.233,19490404,20210206,2451.08
"406210_99999","KIRKUK AB","IZ",35.469,44.349,19370105,20210206,2457.99
